wine_id,sweet_id,body_id,price,flavor
1,1,2,9500 ,2
2,1,3,132000 ,3
3,1,3,0 ,3
4,4,4,50000 ,19
5,4,2,0 ,17
6,1,3,24000 ,3
7,3,3,18000 ,13
8,1,5,0 ,5
9,1,4,205000 ,4
10,1,5,583000 ,5
11,4,2,20000 ,17
12,1,5,980000 ,5
13,1,4,140000 ,4
14,1,2,0 ,2
15,1,4,50000 ,4
16,2,5,0 ,10
17,1,2,18000 ,2
18,1,4,66000 ,4
19,1,5,220000 ,5
20,5,4,28800 ,24
21,1,2,0 ,2
22,5,5,0 ,25
23,1,3,12800 ,3
24,4,1,4400 ,16
25,1,4,88700 ,4
26,1,4,64000 ,4
27,1,4,48000 ,4
28,5,5,160000 ,25
29,1,3,22000 ,3
30,1,4,58000 ,4
31,3,2,53000 ,12
32,1,4,66000 ,4
33,1,3,43000 ,3
34,1,2,75000 ,2
35,1,3,0 ,3
36,1,5,1000000 ,5
37,1,4,77000 ,4
38,1,4,0 ,4
39,1,4,69000 ,4
40,1,3,0 ,3
41,1,4,99000 ,4
42,1,4,190000 ,4
43,1,3,1284000 ,3
44,4,3,34000 ,18
45,3,2,12000 ,12
46,2,3,0 ,8
47,1,5,0 ,5
48,1,4,184000 ,4
49,2,5,97000 ,10
50,2,5,66000 ,10
51,1,2,46000 ,2
52,1,2,55000 ,2
53,1,3,0 ,3
54,1,3,0 ,3
55,1,4,70000 ,4
56,5,5,60000 ,25
57,1,4,0 ,4
58,1,3,45000 ,3
59,1,4,500000 ,4
60,4,2,47000 ,17
61,2,5,0 ,10
62,1,3,165000 ,3
63,1,3,25000 ,3
64,1,3,31000 ,3
65,1,4,0 ,4
66,1,4,90000 ,4
67,3,5,220000 ,15
68,4,2,0 ,17
69,1,3,24000 ,3
70,1,2,0 ,2
71,1,4,0 ,4
72,2,3,0 ,8
73,1,3,0 ,3
74,1,4,350000 ,4
75,1,4,0 ,4
76,1,4,26000 ,4
77,1,4,0 ,4
78,4,3,60000 ,18
79,1,3,97000 ,3
80,1,3,62000 ,3
81,1,3,1080000 ,3
82,1,3,143000 ,3
83,1,4,20700 ,4
84,1,2,0 ,2
85,5,4,50000 ,24
86,1,4,2109000 ,4
87,1,4,300000 ,4
88,1,4,0 ,4
89,1,4,45000 ,4
90,1,3,29800 ,3
91,1,4,0 ,4
92,1,3,320000 ,3
93,1,2,58000 ,2
94,2,5,50000 ,10
95,1,5,320000 ,5
96,1,4,180000 ,4
97,2,2,60000 ,7
98,1,4,0 ,4
99,1,4,0 ,4
100,1,3,46000 ,3
101,4,2,22000 ,17
102,1,3,45000 ,3
103,1,4,0 ,4
104,1,4,59000 ,4
105,1,5,82000 ,5
106,1,5,660000 ,5
107,1,3,420000 ,3
108,4,2,0 ,17
109,1,4,120000 ,4
110,1,5,650000 ,5
111,1,5,449000 ,5
112,1,2,190000 ,2
113,1,4,39000 ,4
114,1,4,0 ,4
115,1,4,418000 ,4
116,1,3,0 ,3
117,1,3,9900 ,3
118,1,3,180000 ,3
119,2,5,1360000 ,10
120,3,2,9900 ,12
121,1,3,0 ,3
122,1,3,0 ,3
123,5,4,44000 ,24
124,4,3,51000 ,18
125,1,4,0 ,4
126,1,4,47000 ,4
127,1,3,14990 ,3
128,1,4,40000 ,4
129,1,4,0 ,4
130,1,5,430000 ,5
131,1,5,100000 ,5
132,1,4,60000 ,4
133,1,5,120000 ,5
134,1,3,40000 ,3
135,1,4,140000 ,4
136,1,5,144000 ,5
137,1,3,50000 ,3
138,1,5,140000 ,5
139,4,2,18000 ,17
140,1,4,48000 ,4
141,1,4,0 ,4
142,4,2,24000 ,17
143,4,3,0 ,18
144,1,4,75000 ,4
145,1,4,22000 ,4
146,1,4,0 ,4
147,1,3,4900 ,3
148,1,3,200000 ,3
149,5,3,0 ,23
150,1,5,110000 ,5
151,4,3,0 ,18
152,2,4,0 ,9
153,4,5,37000 ,20
154,1,4,410000 ,4
155,1,2,30000 ,2
156,1,3,700000 ,3
157,1,3,62000 ,3
158,1,3,0 ,3
159,3,3,18000 ,13
160,2,5,35000 ,10
161,1,3,45000 ,3
162,1,3,85000 ,3
163,4,3,28000 ,18
164,1,3,0 ,3
165,1,3,340000 ,3
166,5,5,120000 ,25
167,4,3,32000 ,18
168,1,3,180000 ,3
169,1,2,0 ,2
170,1,5,35000 ,5
171,1,4,58000 ,4
172,1,4,195000 ,4
173,4,2,32000 ,17
174,1,3,0 ,3
175,1,3,34800 ,3
176,4,2,0 ,17
177,1,3,410000 ,3
178,1,4,0 ,4
179,2,4,0 ,9
180,5,4,20000 ,24
181,1,4,165000 ,4
182,1,5,210000 ,5
183,4,1,32000 ,16
184,1,4,0 ,4
185,1,4,115000 ,4
186,1,4,75000 ,4
187,1,5,1350000 ,5
188,1,2,30000 ,2
189,2,2,50000 ,7
190,1,3,145000 ,3
191,1,3,208000 ,3
192,1,3,22000 ,3
193,1,3,55000 ,3
194,1,3,0 ,3
195,1,4,0 ,4
196,1,4,101000 ,4
197,1,5,0 ,5
198,1,3,210000 ,3
199,1,4,0 ,4
200,3,2,20000 ,12
201,1,3,0 ,3
202,1,4,0 ,4
203,5,5,153000 ,25
204,4,3,25000 ,18
205,1,4,160000 ,4
206,2,5,399000 ,10
207,1,3,100000 ,3
208,2,5,170000 ,10
209,1,4,0 ,4
210,1,3,29900 ,3
211,1,2,50000 ,2
212,5,2,90000 ,22
213,1,3,218000 ,3
214,4,3,0 ,18
215,1,4,400000 ,4
216,1,4,48000 ,4
217,1,3,85000 ,3
218,1,5,0 ,5
219,5,5,0 ,25
220,1,5,500000 ,5
221,1,5,384000 ,5
222,1,3,0 ,3
223,1,4,110000 ,4
224,5,4,0 ,24
225,1,1,25000 ,1
226,5,4,182000 ,24
227,1,3,39000 ,3
228,1,5,180000 ,5
229,1,4,390000 ,4
230,1,4,80000 ,4
231,1,2,0 ,2
232,1,3,0 ,3
233,1,3,49000 ,3
234,1,4,110000 ,4
235,1,4,330000 ,4
236,1,3,32900 ,3
237,1,5,90000 ,5
238,1,4,136000 ,4
239,1,4,100000 ,4
240,1,3,66000 ,3
241,2,2,0 ,7
242,2,2,38000 ,7
243,1,3,20000 ,3
244,1,4,280000 ,4
245,1,3,60000 ,3
246,1,3,43000 ,3
247,1,4,171000 ,4
248,1,3,40000 ,3
249,1,4,132000 ,4
250,1,3,850000 ,3
251,1,3,28000 ,3
252,1,3,230000 ,3
253,1,2,34000 ,2
254,3,2,4990 ,12
255,1,4,35000 ,4
256,1,3,18000 ,3
257,1,4,60000 ,4
258,5,4,84000 ,24
259,1,3,0 ,3
260,5,5,70000 ,25
261,1,4,38900 ,4
262,1,5,475000 ,5
263,1,4,0 ,4
264,1,4,165000 ,4
265,1,4,112000 ,4
266,1,3,0 ,3
267,5,3,19000 ,23
268,1,4,0 ,4
269,1,4,0 ,4
270,1,3,112000 ,3
271,1,4,130000 ,4
272,1,3,38900 ,3
273,1,2,15800 ,2
274,1,3,55000 ,3
275,1,4,100000 ,4
276,1,3,70000 ,3
277,1,5,50000 ,5
278,1,3,0 ,3
279,1,5,0 ,5
280,1,5,0 ,5
281,1,4,0 ,4
282,1,3,18000 ,3
283,1,5,1510000 ,5
284,5,5,352000 ,25
285,1,3,71000 ,3
286,1,3,75000 ,3
287,1,4,0 ,4
288,1,3,38000 ,3
289,1,3,0 ,3
290,1,3,130000 ,3
291,1,5,231000 ,5
292,5,5,130000 ,25
293,1,4,490000 ,4
294,4,2,30000 ,17
295,1,4,50000 ,4
296,4,3,12000 ,18
297,4,3,31000 ,18
298,1,3,0 ,3
299,1,4,60000 ,4
300,4,2,20000 ,17
301,1,5,199000 ,5
302,1,4,54000 ,4
303,1,5,3600000 ,5
304,1,4,35000 ,4
305,1,5,0 ,5
306,1,3,170000 ,3
307,5,4,90000 ,24
308,4,3,25000 ,18
309,5,5,30000 ,25
310,4,2,30000 ,17
311,1,5,250000 ,5
312,1,4,64000 ,4
313,1,4,0 ,4
314,1,3,45000 ,3
315,1,5,198000 ,5
316,1,3,45000 ,3
317,1,5,165000 ,5
318,1,4,195000 ,4
319,1,4,74500 ,4
320,1,3,0 ,3
321,1,3,49000 ,3
322,1,4,0 ,4
323,1,3,40000 ,3
324,4,2,10800 ,17
325,1,4,160000 ,4
326,1,5,80000 ,5
327,1,4,560000 ,4
328,1,3,135000 ,3
329,1,4,0 ,4
330,1,5,163000 ,5
331,1,4,500000 ,4
332,2,4,0 ,9
333,1,4,184000 ,4
334,1,2,35000 ,2
335,2,3,24000 ,8
336,1,3,0 ,3
337,1,3,56000 ,3
338,1,5,44000 ,5
339,1,3,69000 ,3
340,1,3,24000 ,3
341,1,3,0 ,3
342,2,3,0 ,8
343,1,4,0 ,4
344,1,4,95000 ,4
345,1,3,0 ,3
346,1,3,69000 ,3
347,1,3,0 ,3
348,4,2,12000 ,17
349,1,4,0 ,4
350,1,4,0 ,4
351,1,4,0 ,4
352,1,3,170000 ,3
353,2,3,0 ,8
354,1,5,350000 ,5
355,5,4,90000 ,24
356,1,3,0 ,3
357,1,2,20000 ,2
358,1,5,286000 ,5
359,1,5,1200000 ,5
360,1,4,344000 ,4
361,1,3,88000 ,3
362,3,2,9900 ,12
363,1,3,62000 ,3
364,1,3,60000 ,3
365,1,5,0 ,5
366,1,3,70000 ,3
367,4,2,34000 ,17
368,1,3,0 ,3
369,2,3,0 ,8
370,1,1,30000 ,1
371,4,2,0 ,17
372,1,4,64000 ,4
373,1,4,47000 ,4
374,1,3,20000 ,3
375,1,4,80000 ,4
376,1,4,170000 ,4
377,1,4,0 ,4
378,2,4,0 ,9
379,1,5,90000 ,5
380,1,4,77000 ,4
381,1,3,0 ,3
382,1,4,0 ,4
383,1,3,80000 ,3
384,1,3,364000 ,3
385,1,5,750000 ,5
386,1,3,40000 ,3
387,1,5,0 ,5
388,1,4,75000 ,4
389,1,3,164000 ,3
390,1,3,0 ,3
391,1,4,0 ,4
392,1,4,0 ,4
393,1,3,290000 ,3
394,3,5,0 ,15
395,1,5,160000 ,5
396,1,4,140000 ,4
397,3,3,19000 ,13
398,1,5,160000 ,5
399,1,1,21000 ,1
400,1,3,67000 ,3
401,1,4,0 ,4
402,1,2,65000 ,2
403,1,5,690000 ,5
404,1,3,30000 ,3
405,1,2,6480 ,2
406,1,4,25000 ,4
407,5,4,44000 ,24
408,3,3,14900 ,13
409,1,4,450000 ,4
410,4,3,11000 ,18
411,3,2,0 ,12
412,1,3,44000 ,3
413,1,3,99000 ,3
414,1,5,260000 ,5
415,1,4,157000 ,4
416,1,5,0 ,5
417,1,3,27000 ,3
418,1,2,25000 ,2
419,1,4,44000 ,4
420,1,2,18000 ,2
421,1,3,22000 ,3
422,1,3,0 ,3
423,1,4,120000 ,4
424,1,3,48000 ,3
425,1,5,1055000 ,5
426,1,3,20000 ,3
427,1,3,95000 ,3
428,1,5,498000 ,5
429,1,4,0 ,4
430,3,2,22000 ,12
431,1,2,202000 ,2
432,1,4,80000 ,4
433,1,4,19800 ,4
434,2,2,0 ,7
435,1,4,100000 ,4
436,1,4,46000 ,4
437,1,3,45000 ,3
438,5,4,110000 ,24
439,1,3,268000 ,3
440,1,3,31000 ,3
441,1,4,35000 ,4
442,1,4,80000 ,4
443,1,4,0 ,4
444,1,3,0 ,3
445,1,4,190000 ,4
446,1,2,38000 ,2
447,5,4,50000 ,24
448,1,3,150000 ,3
449,1,4,223000 ,4
450,1,4,100000 ,4
451,1,3,0 ,3
452,1,2,0 ,2
453,1,3,130000 ,3
454,1,5,230000 ,5
455,1,2,60000 ,2
456,3,2,30000 ,12
457,1,3,60000 ,3
458,1,4,130000 ,4
459,1,4,240000 ,4
460,1,3,24000 ,3
461,2,2,0 ,7
462,1,3,0 ,3
463,1,5,220000 ,5
464,1,2,0 ,2
465,1,4,45000 ,4
466,1,4,240000 ,4
467,1,4,80000 ,4
468,1,1,54000 ,1
469,1,3,80000 ,3
470,1,4,0 ,4
471,1,4,166000 ,4
472,1,4,312000 ,4
473,1,3,120000 ,3
474,2,3,48000 ,8
475,2,2,5500 ,7
476,1,4,29000 ,4
477,1,4,17800 ,4
478,4,2,46000 ,17
479,1,4,400000 ,4
480,1,3,150000 ,3
481,1,3,336000 ,3
482,1,3,138000 ,3
483,1,3,125000 ,3
484,1,4,0 ,4
485,1,3,34000 ,3
486,1,5,120000 ,5
487,1,4,55000 ,4
488,1,4,63000 ,4
489,1,3,0 ,3
490,1,3,0 ,3
491,1,3,58000 ,3
492,1,2,210000 ,2
493,1,4,130000 ,4
494,3,2,0 ,12
495,1,4,42000 ,4
496,1,3,0 ,3
497,3,3,34000 ,13
498,1,5,300000 ,5
499,1,3,35000 ,3
500,1,3,36000 ,3
501,2,5,0 ,10
502,1,4,55000 ,4
503,1,3,60000 ,3
504,1,4,48000 ,4
505,1,4,90000 ,4
506,1,4,0 ,4
507,1,3,60000 ,3
508,1,3,50000 ,3
509,1,3,45000 ,3
510,1,3,14000 ,3
511,2,2,19000 ,7
512,1,4,1300000 ,4
513,1,3,0 ,3
514,1,2,35000 ,2
515,5,5,170000 ,25
516,2,3,35000 ,8
517,1,2,50000 ,2
518,1,2,60000 ,2
519,3,2,42000 ,12
520,1,4,0 ,4
521,1,3,42000 ,3
522,4,2,0 ,17
523,1,4,85000 ,4
524,1,4,0 ,4
525,1,4,0 ,4
526,1,4,150000 ,4
527,1,4,0 ,4
528,1,3,459000 ,3
529,1,4,55000 ,4
530,1,4,0 ,4
531,1,4,90000 ,4
532,3,2,9900 ,12
533,1,3,110000 ,3
534,1,3,27500 ,3
535,1,4,0 ,4
536,4,2,11500 ,17
537,1,5,480000 ,5
538,1,4,93000 ,4
539,1,4,0 ,4
540,1,4,90000 ,4
541,5,4,185000 ,24
542,4,3,0 ,18
543,1,4,180000 ,4
544,1,4,0 ,4
545,4,3,25000 ,18
546,1,4,80000 ,4
547,1,5,0 ,5
548,2,2,32000 ,7
549,1,5,0 ,5
550,2,2,25000 ,7
551,1,4,0 ,4
552,1,2,0 ,2
553,5,4,54000 ,24
554,1,4,90000 ,4
555,4,2,17000 ,17
556,3,3,0 ,13
557,2,3,0 ,8
558,1,2,25000 ,2
559,1,3,90000 ,3
560,1,3,291000 ,3
561,1,3,93000 ,3
562,1,4,266000 ,4
563,1,5,0 ,5
564,1,4,0 ,4
565,1,3,65000 ,3
566,1,3,40000 ,3
567,1,5,0 ,5
568,5,4,0 ,24
569,1,3,490000 ,3
570,1,5,320000 ,5
571,1,3,40000 ,3
572,1,2,35000 ,2
573,1,3,18000 ,3
574,2,3,52000 ,8
575,1,3,110000 ,3
576,1,2,12900 ,2
577,1,4,141000 ,4
578,4,2,37500 ,17
579,1,3,24000 ,3
580,1,4,66000 ,4
581,1,1,67500 ,1
582,1,4,60000 ,4
583,1,3,0 ,3
584,1,4,0 ,4
585,1,4,100000 ,4
586,1,3,125000 ,3
587,1,3,180000 ,3
588,1,5,0 ,5
589,1,4,100000 ,4
590,1,4,49000 ,4
591,1,4,0 ,4
592,3,2,9900 ,12
593,4,2,0 ,17
594,4,2,17000 ,17
595,4,2,0 ,17
596,1,3,176000 ,3
597,3,2,0 ,12
598,1,3,0 ,3
599,1,5,0 ,5
600,1,4,45000 ,4
601,1,4,94000 ,4
602,1,3,12800 ,3
603,1,5,0 ,5
604,1,3,0 ,3
605,1,3,280000 ,3
606,1,3,170000 ,3
607,1,5,0 ,5
608,1,4,65000 ,4
609,1,3,85000 ,3
610,1,3,70000 ,3
611,1,3,50000 ,3
612,1,3,700000 ,3
613,2,2,9500 ,7
614,1,3,18800 ,3
615,1,3,35000 ,3
616,1,3,0 ,3
617,5,5,780000 ,25
618,1,2,25000 ,2
619,1,4,0 ,4
620,1,5,252000 ,5
621,1,5,180000 ,5
622,1,3,180000 ,3
623,1,3,34900 ,3
624,2,3,18000 ,8
625,1,4,100000 ,4
626,2,2,65000 ,7
627,1,3,440000 ,3
628,1,2,30000 ,2
629,1,4,27000 ,4
630,1,3,110000 ,3
631,2,4,20000 ,9
632,2,2,9000 ,7
633,1,4,30000 ,4
634,1,4,90000 ,4
635,3,2,58000 ,12
636,1,4,44000 ,4
637,2,3,60000 ,8
638,1,3,160000 ,3
639,4,2,58000 ,17
640,1,4,50000 ,4
641,1,3,0 ,3
642,1,3,44000 ,3
643,1,3,50000 ,3
644,1,4,105000 ,4
645,1,4,0 ,4
646,1,2,38000 ,2
647,1,4,85000 ,4
648,1,3,45000 ,3
649,1,2,32000 ,2
650,2,3,0 ,8
651,1,5,0 ,5
652,1,4,38000 ,4
653,1,4,152000 ,4
654,1,2,100000 ,2
655,2,3,0 ,8
656,1,3,0 ,3
657,1,5,105000 ,5
658,1,4,364000 ,4
659,4,2,40000 ,17
660,1,3,18000 ,3
661,1,5,1200000 ,5
662,1,4,71000 ,4
663,1,4,1360000 ,4
664,1,4,27000 ,4
665,3,3,22900 ,13
666,1,2,40000 ,2
667,1,3,165000 ,3
668,5,5,55000 ,25
669,1,4,194000 ,4
670,1,3,174000 ,3
671,4,2,0 ,17
672,4,3,0 ,18
673,1,3,0 ,3
674,2,4,13000 ,9
675,1,5,0 ,5
676,1,3,234000 ,3
677,2,3,25000 ,8
678,1,3,0 ,3
679,1,4,0 ,4
680,1,4,99000 ,4
681,1,2,36000 ,2
682,4,2,25000 ,17
683,1,4,50000 ,4
684,1,4,0 ,4
685,1,5,0 ,5
686,5,5,0 ,25
687,1,3,164000 ,3
688,1,4,45000 ,4
689,1,3,150000 ,3
690,1,4,100000 ,4
691,2,3,0 ,8
692,4,2,29000 ,17
693,1,3,75000 ,3
694,4,3,25000 ,18
695,1,3,89000 ,3
696,1,4,180000 ,4
697,1,4,300000 ,4
698,1,5,900000 ,5
699,1,3,45000 ,3
700,4,3,32000 ,18
701,4,2,24000 ,17
702,1,4,50000 ,4
703,1,5,200000 ,5
704,1,4,170000 ,4
705,1,4,178000 ,4
706,3,1,40000 ,11
707,1,3,240000 ,3
708,1,3,25000 ,3
709,1,4,0 ,4
710,1,3,0 ,3
711,4,2,0 ,17
712,2,4,92000 ,9
713,1,5,54000 ,5
714,1,5,0 ,5
715,1,2,0 ,2
716,1,4,0 ,4
717,1,3,0 ,3
718,3,2,0 ,12
719,1,4,147000 ,4
720,5,3,120000 ,23
721,1,3,33000 ,3
722,1,3,120000 ,3
723,1,2,0 ,2
724,4,2,25000 ,17
725,1,5,300000 ,5
726,1,4,61000 ,4
727,4,3,5000 ,18
728,1,4,100000 ,4
729,1,2,35000 ,2
730,5,5,114000 ,25
731,1,2,75000 ,2
732,1,5,129000 ,5
733,1,3,0 ,3
734,1,3,59000 ,3
735,1,3,49000 ,3
736,1,4,0 ,4
737,1,2,45000 ,2
738,1,4,0 ,4
739,1,3,0 ,3
740,1,3,0 ,3
741,1,3,90000 ,3
742,1,3,0 ,3
743,1,4,44000 ,4
744,1,4,130000 ,4
745,1,4,98000 ,4
746,1,5,0 ,5
747,1,2,0 ,2
748,5,5,0 ,25
749,1,4,0 ,4
750,1,4,0 ,4
751,1,4,570000 ,4
752,1,5,726000 ,5
753,4,2,0 ,17
754,1,2,0 ,2
755,3,2,0 ,12
756,2,3,0 ,8
757,1,4,30000 ,4
758,1,2,36000 ,2
759,1,3,38000 ,3
760,1,2,35000 ,2
761,1,1,0 ,1
762,4,3,0 ,18
763,1,5,4380000 ,5
764,1,4,0 ,4
765,4,3,46000 ,18
766,2,3,62000 ,8
767,1,4,0 ,4
768,1,5,60000 ,5
769,1,3,0 ,3
770,1,3,25000 ,3
771,1,5,0 ,5
772,1,2,0 ,2
773,1,5,120000 ,5
774,1,3,52000 ,3
775,1,4,49000 ,4
776,1,3,100000 ,3
777,1,2,39800 ,2
778,1,4,0 ,4
779,1,5,120000 ,5
780,4,3,9500 ,18
781,1,3,78000 ,3
782,1,3,0 ,3
783,1,4,70000 ,4
784,1,3,0 ,3
785,1,4,0 ,4
786,2,5,0 ,10
787,1,4,24000 ,4
788,1,5,1500000 ,5
789,3,3,22000 ,13
790,1,4,120000 ,4
791,4,2,40000 ,17
792,1,3,86000 ,3
793,1,4,150000 ,4
794,1,4,900000 ,4
795,1,4,110000 ,4
796,1,4,19000 ,4
797,1,5,250000 ,5
798,1,4,200000 ,4
799,1,3,190000 ,3
800,1,3,26000 ,3
801,1,2,99000 ,2
802,4,2,0 ,17
803,1,3,25000 ,3
804,4,3,9800 ,18
805,1,4,0 ,4
806,1,3,400000 ,3
807,5,4,86000 ,24
808,1,5,180000 ,5
809,1,4,0 ,4
810,1,5,88000 ,5
811,3,3,0 ,13
812,1,5,0 ,5
813,1,3,55000 ,3
814,1,4,120000 ,4
815,1,4,0 ,4
816,1,3,95000 ,3
817,1,4,120000 ,4
818,1,4,0 ,4
819,1,4,0 ,4
820,1,3,0 ,3
821,4,2,45000 ,17
822,1,3,340000 ,3
823,1,3,59000 ,3
824,2,3,65000 ,8
825,1,4,0 ,4
826,1,3,18900 ,3
827,1,3,14000 ,3
828,1,3,0 ,3
829,1,4,0 ,4
830,4,4,45000 ,19
831,4,2,40000 ,17
832,5,5,73000 ,25
833,1,5,194000 ,5
834,1,5,90000 ,5
835,5,5,42000 ,25
836,1,3,39000 ,3
837,1,2,60000 ,2
838,1,3,75000 ,3
839,1,4,70000 ,4
840,1,4,104000 ,4
841,1,2,0 ,2
842,1,3,0 ,3
843,1,3,44000 ,3
844,1,5,140000 ,5
845,4,2,25000 ,17
846,1,3,30000 ,3
847,2,2,0 ,7
848,1,5,0 ,5
849,1,3,82000 ,3
850,1,4,55000 ,4
851,1,2,60000 ,2
852,2,3,319000 ,8
853,3,1,17000 ,11
854,1,3,24000 ,3
855,3,1,30000 ,11
856,1,5,44000 ,5
857,1,5,0 ,5
858,1,4,50000 ,4
859,1,3,0 ,3
860,1,3,25000 ,3
861,1,4,0 ,4
862,1,5,90000 ,5
863,5,5,59000 ,25
864,1,4,350000 ,4
865,1,5,120000 ,5
866,1,4,0 ,4
867,1,4,67200 ,4
868,1,3,60000 ,3
869,1,4,100000 ,4
870,1,4,0 ,4
871,1,4,40000 ,4
872,1,4,270000 ,4
873,1,2,45000 ,2
874,1,1,25000 ,1
875,1,2,22000 ,2
876,1,4,0 ,4
877,1,4,110000 ,4
878,1,4,570000 ,4
879,1,4,0 ,4
880,1,3,21000 ,3
881,1,3,38000 ,3
882,1,5,150000 ,5
883,1,4,41500 ,4
884,4,2,36000 ,17
885,1,4,40000 ,4
886,1,4,106000 ,4
887,1,3,4990 ,3
888,1,5,190000 ,5
889,4,3,0 ,18
890,4,2,0 ,17
891,1,5,130000 ,5
892,1,5,230000 ,5
893,1,4,53000 ,4
894,5,5,30000 ,25
895,1,4,200000 ,4
896,1,5,100000 ,5
897,1,4,70000 ,4
898,2,2,0 ,7
899,1,5,0 ,5
900,1,4,0 ,4
901,1,4,90000 ,4
902,1,4,75000 ,4
903,1,3,90000 ,3
904,1,3,150000 ,3
905,1,5,0 ,5
906,2,5,0 ,10
907,4,2,25000 ,17
908,4,3,28000 ,18
909,1,3,96000 ,3
910,3,2,0 ,12
911,2,5,88000 ,10
912,1,3,55000 ,3
913,1,4,0 ,4
914,1,4,70000 ,4
915,1,4,150000 ,4
916,1,4,27900 ,4
917,1,2,0 ,2
918,1,3,0 ,3
919,1,3,30000 ,3
920,1,3,205000 ,3
921,1,3,50000 ,3
922,1,4,160000 ,4
923,4,2,26000 ,17
924,1,3,19000 ,3
925,1,3,40000 ,3
926,1,3,60000 ,3
927,1,3,0 ,3
928,1,4,64000 ,4
929,1,2,35000 ,2
930,1,4,0 ,4
931,4,2,45000 ,17
932,1,4,66000 ,4
933,1,3,0 ,3
934,4,3,3900 ,18
935,1,4,40000 ,4
936,1,4,63000 ,4
937,2,3,41000 ,8
938,1,2,0 ,2
939,1,2,48000 ,2
940,1,3,0 ,3
941,4,2,23000 ,17
942,1,5,88000 ,5
943,1,5,250000 ,5
944,1,4,138000 ,4
945,1,5,850000 ,5
946,5,5,0 ,25
947,2,2,25000 ,7
948,1,2,33000 ,2
949,1,4,52000 ,4
950,1,2,28000 ,2
951,5,4,66000 ,24
952,2,2,9000 ,7
953,1,2,128000 ,2
954,1,5,84000 ,5
955,4,2,53000 ,17
956,1,4,94000 ,4
957,1,4,45000 ,4
958,1,4,12800 ,4
959,1,3,0 ,3
960,2,3,14000 ,8
961,1,2,39000 ,2
962,1,5,180000 ,5
963,1,3,0 ,3
964,1,2,56000 ,2
965,3,5,0 ,15
966,1,4,78000 ,4
967,5,5,0 ,25
968,1,5,200000 ,5
969,1,3,70000 ,3
970,1,3,115000 ,3
971,1,4,120000 ,4
972,1,3,110000 ,3
973,3,2,17000 ,12
974,1,4,220000 ,4
975,1,3,0 ,3
976,1,5,300000 ,5
977,1,5,146000 ,5
978,1,4,450000 ,4
979,1,4,350000 ,4
980,1,4,0 ,4
981,1,5,0 ,5
982,1,2,62000 ,2
983,4,3,40000 ,18
984,1,5,0 ,5
985,1,4,40000 ,4
986,1,4,160000 ,4
987,4,2,24000 ,17
988,1,3,20000 ,3
989,1,2,50000 ,2
990,2,4,57500 ,9
991,1,1,18000 ,1
992,1,4,45000 ,4
993,1,4,19800 ,4
994,2,2,6480 ,7
995,1,3,0 ,3
996,1,3,0 ,3
997,4,2,12000 ,17
998,4,4,45000 ,19
999,1,4,130000 ,4
1000,1,4,450000 ,4
1001,2,3,25000 ,8
1002,1,5,146000 ,5
1003,1,2,0 ,2
1004,1,2,75000 ,2
1005,1,4,350000 ,4
1006,1,4,50000 ,4
1007,1,3,35000 ,3
1008,1,3,80000 ,3
1009,4,3,25000 ,18
1010,1,3,50000 ,3
1011,1,4,47000 ,4
1012,1,3,360000 ,3
1013,4,2,22500 ,17
1014,3,2,0 ,12
1015,1,2,0 ,2
1016,4,2,0 ,17
1017,1,3,0 ,3
1018,1,5,130000 ,5
1019,1,3,130000 ,3
1020,1,3,0 ,3
1021,1,2,105000 ,2
1022,1,4,78000 ,4
1023,3,2,34000 ,12
1024,4,2,0 ,17
1025,1,4,90000 ,4
1026,1,4,59000 ,4
1027,1,3,48000 ,3
1028,1,3,52000 ,3
1029,1,5,750000 ,5
1030,1,5,620000 ,5
1031,1,3,57000 ,3
1032,1,4,200000 ,4
1033,1,4,0 ,4
1034,1,3,48000 ,3
1035,1,4,0 ,4
1036,1,4,344000 ,4
1037,1,5,307000 ,5
1038,1,3,22000 ,3
1039,3,3,32000 ,13
1040,3,3,18000 ,13
1041,1,5,560000 ,5
1042,1,2,9980 ,2
1043,2,4,78000 ,9
1044,1,3,180000 ,3
1045,1,3,0 ,3
1046,2,5,0 ,10
1047,1,2,39000 ,2
1048,1,3,43000 ,3
1049,1,4,0 ,4
1050,1,4,25000 ,4
1051,2,5,0 ,10
1052,5,4,154000 ,24
1053,2,4,9800 ,9
1054,1,3,30000 ,3
1055,1,4,0 ,4
1056,3,2,30000 ,12
1057,1,4,0 ,4
1058,1,3,34000 ,3
1059,1,4,50000 ,4
1060,1,5,52000 ,5
1061,1,4,80000 ,4
1062,1,4,0 ,4
1063,1,3,0 ,3
1064,3,3,124000 ,13
1065,1,4,50000 ,4
1066,1,5,48000 ,5
1067,1,4,62000 ,4
1068,1,4,19000 ,4
1069,4,3,20000 ,18
1070,1,4,100000 ,4
1071,1,3,44000 ,3
1072,1,4,0 ,4
1073,1,3,100000 ,3
1074,5,4,90000 ,24
1075,1,2,0 ,2
1076,1,3,0 ,3
1077,1,5,85000 ,5
1078,1,3,220000 ,3
1079,1,3,20000 ,3
1080,1,3,88500 ,3
1081,1,5,140000 ,5
1082,1,2,50000 ,2
1083,2,5,1900000 ,10
1084,1,4,950000 ,4
1085,3,2,0 ,12
1086,1,4,39000 ,4
1087,5,4,49000 ,24
1088,4,5,0 ,20
1089,1,5,62000 ,5
1090,4,2,17000 ,17
1091,1,3,69000 ,3
1092,1,4,101000 ,4
1093,1,3,29000 ,3
1094,1,3,131000 ,3
1095,1,3,45000 ,3
1096,1,3,150000 ,3
1097,2,3,0 ,8
1098,1,3,220000 ,3
1099,1,5,0 ,5
1100,1,3,26000 ,3
1101,1,4,0 ,4
1102,1,3,45000 ,3
1103,4,2,32000 ,17
1104,1,4,75000 ,4
1105,1,5,200000 ,5
1106,1,3,0 ,3
1107,4,2,28000 ,17
1108,1,4,127000 ,4
1109,1,4,79000 ,4
1110,1,4,0 ,4
1111,1,3,0 ,3
1112,1,4,163000 ,4
1113,1,4,78000 ,4
1114,1,4,70000 ,4
1115,1,4,85000 ,4
1116,4,2,35000 ,17
1117,1,5,178000 ,5
1118,1,5,0 ,5
1119,1,5,78000 ,5
1120,1,3,24000 ,3
1121,1,3,25000 ,3
1122,1,4,46000 ,4
1123,1,3,18900 ,3
1124,1,3,55000 ,3
1125,5,4,35000 ,24
1126,1,4,57000 ,4
1127,1,3,26000 ,3
1128,1,4,0 ,4
1129,1,2,30000 ,2
1130,1,4,150000 ,4
1131,1,5,350000 ,5
1132,1,4,53000 ,4
1133,1,4,0 ,4
1134,1,3,21000 ,3
1135,1,3,96000 ,3
1136,1,4,200000 ,4
1137,1,3,33000 ,3
1138,1,3,45000 ,3
1139,1,3,27000 ,3
1140,1,5,280000 ,5
1141,1,3,46000 ,3
1142,1,4,0 ,4
1143,1,3,50000 ,3
1144,1,5,1150000 ,5
1145,2,5,65000 ,10
1146,1,4,45000 ,4
1147,1,3,75000 ,3
1148,1,4,77000 ,4
1149,1,3,36000 ,3
1150,1,3,0 ,3
1151,2,2,0 ,7
1152,1,2,87000 ,2
1153,1,2,60000 ,2
1154,1,3,44000 ,3
1155,4,3,36000 ,18
1156,1,5,220000 ,5
1157,2,3,20000 ,8
1158,4,3,32000 ,18
1159,1,4,170000 ,4
1160,1,4,300000 ,4
1161,1,4,160000 ,4
1162,1,2,500000 ,2
1163,1,3,28000 ,3
1164,1,5,275000 ,5
1165,1,4,66000 ,4
1166,1,3,58000 ,3
1167,1,5,695000 ,5
1168,1,5,0 ,5
1169,1,4,79000 ,4
1170,1,3,100000 ,3
1171,1,5,180000 ,5
1172,1,4,42000 ,4
1173,4,2,20000 ,17
1174,4,2,45000 ,17
1175,1,3,58000 ,3
1176,1,5,418000 ,5
1177,1,5,400000 ,5
1178,1,3,44800 ,3
1179,1,2,77000 ,2
1180,2,3,9500 ,8
1181,1,3,240000 ,3
1182,1,2,0 ,2
1183,1,5,83000 ,5
1184,1,2,55000 ,2
1185,1,5,8000000 ,5
1186,2,3,45000 ,8
1187,1,4,100000 ,4
1188,2,2,0 ,7
1189,1,4,65000 ,4
1190,1,5,52000 ,5
1191,1,3,35000 ,3
1192,1,5,198000 ,5
1193,1,3,35000 ,3
1194,1,5,0 ,5
1195,1,2,65000 ,2
1196,1,4,80000 ,4
1197,2,2,0 ,7
1198,1,4,0 ,4
1199,1,5,200000 ,5
1200,2,2,0 ,7
1201,1,3,118500 ,3
1202,1,4,220000 ,4
1203,1,3,26000 ,3
1204,5,3,20000 ,23
1205,3,1,25000 ,11
1206,1,2,6000 ,2
1207,1,4,30000 ,4
1208,1,4,0 ,4
1209,1,4,0 ,4
1210,3,4,15800 ,14
1211,1,2,64000 ,2
1212,1,4,163000 ,4
1213,1,3,4900 ,3
1214,1,3,30000 ,3
1215,1,4,71000 ,4
1216,1,4,0 ,4
1217,1,4,110000 ,4
1218,1,3,79000 ,3
1219,1,5,120000 ,5
1220,4,3,28000 ,18
1221,4,3,40000 ,18
1222,1,4,0 ,4
1223,1,3,132000 ,3
1224,1,2,75000 ,2
1225,1,3,19000 ,3
1226,1,1,35000 ,1
1227,1,3,51000 ,3
1228,1,4,0 ,4
1229,1,4,80000 ,4
1230,1,3,13000 ,3
1231,1,4,66000 ,4
1232,1,3,42000 ,3
1233,2,3,0 ,8
1234,1,4,89000 ,4
1235,4,3,60000 ,18
1236,4,2,0 ,17
1237,1,4,75000 ,4
1238,1,5,0 ,5
1239,1,4,273000 ,4
1240,1,4,317000 ,4
1241,1,1,0 ,1
1242,2,1,30000 ,6
1243,4,2,3900 ,17
1244,1,4,80000 ,4
1245,1,5,120000 ,5
1246,1,3,25000 ,3
1247,1,4,750000 ,4
1248,1,2,200000 ,2
1249,1,4,330000 ,4
1250,1,3,0 ,3
1251,2,3,44000 ,8
1252,1,3,51000 ,3
1253,1,2,60000 ,2
1254,1,3,19000 ,3
1255,1,3,60000 ,3
1256,1,3,19000 ,3
1257,4,3,50000 ,18
1258,1,5,135000 ,5
1259,1,3,225000 ,3
1260,1,4,120000 ,4
1261,1,1,45000 ,1
1262,1,4,45000 ,4
1263,1,5,0 ,5
1264,2,3,0 ,8
1265,1,3,31000 ,3
1266,1,3,127000 ,3
1267,1,5,80000 ,5
1268,2,2,25000 ,7
1269,1,3,70000 ,3
1270,1,3,0 ,3
1271,1,2,0 ,2
1272,1,4,70000 ,4
1273,1,3,51000 ,3
1274,4,3,22000 ,18
1275,1,2,152000 ,2
1276,1,4,58000 ,4
1277,1,3,99000 ,3
1278,1,4,195000 ,4
1279,1,1,42000 ,1
1280,4,2,32000 ,17
1281,1,3,75000 ,3
1282,1,4,95000 ,4
1283,4,2,24000 ,17
1284,4,2,0 ,17
1285,1,4,97000 ,4
1286,1,2,19800 ,2
1287,2,5,0 ,10
1288,1,3,75000 ,3
1289,1,2,35000 ,2
1290,1,5,112000 ,5
1291,1,5,190000 ,5
1292,2,5,88000 ,10
1293,1,2,0 ,2
1294,2,3,46800 ,8
1295,1,5,145000 ,5
1296,1,3,0 ,3
1297,1,3,0 ,3
1298,1,4,0 ,4
1299,1,4,39000 ,4
1300,1,3,36000 ,3
1301,1,3,65000 ,3
1302,1,4,0 ,4
1303,1,4,50000 ,4
1304,1,5,460000 ,5
1305,1,3,0 ,3
1306,1,4,280000 ,4
1307,5,3,60000 ,23
1308,1,4,250000 ,4
1309,1,3,60000 ,3
1310,1,4,0 ,4
1311,1,3,25000 ,3
1312,1,5,60000 ,5
1313,1,3,150000 ,3
1314,4,2,33000 ,17
1315,3,2,32000 ,12
1316,2,3,40000 ,8
1317,1,5,1380000 ,5
1318,4,3,0 ,18
1319,4,2,24000 ,17
1320,2,3,0 ,8
1321,1,4,0 ,4
1322,1,4,40000 ,4
1323,1,4,220000 ,4
1324,1,5,0 ,5
1325,1,3,60000 ,3
1326,1,3,190000 ,3
1327,1,2,90000 ,2
1328,1,3,35000 ,3
1329,1,4,35000 ,4
1330,1,3,26400 ,3
1331,1,4,54000 ,4
1332,1,3,110000 ,3
1333,1,4,180000 ,4
1334,1,3,45000 ,3
1335,1,4,45000 ,4
1336,4,3,0 ,18
1337,1,5,138000 ,5
1338,5,4,0 ,24
1339,4,3,38000 ,18
1340,1,3,80000 ,3
1341,2,3,118000 ,8
1342,1,1,58000 ,1
1343,4,3,20000 ,18
1344,3,3,15000 ,13
1345,1,2,450000 ,2
1346,1,3,0 ,3
1347,5,5,38000 ,25
1348,1,3,22000 ,3
1349,1,3,0 ,3
1350,2,4,34000 ,9
1351,1,5,0 ,5
1352,1,3,0 ,3
1353,1,5,800000 ,5
1354,1,3,108000 ,3
1355,1,5,450000 ,5
1356,1,4,0 ,4
1357,1,2,32000 ,2
1358,1,3,0 ,3
1359,1,4,120000 ,4
1360,1,2,35000 ,2
1361,1,2,0 ,2
1362,3,2,0 ,12
1363,1,4,0 ,4
1364,5,4,70000 ,24
1365,1,4,330000 ,4
1366,1,2,65000 ,2
1367,1,4,115000 ,4
1368,1,1,12800 ,1
1369,1,2,0 ,2
1370,1,3,0 ,3
1371,1,3,70000 ,3
1372,1,3,33000 ,3
1373,1,3,31000 ,3
1374,1,4,130000 ,4
1375,1,5,120000 ,5
1376,1,3,0 ,3
1377,1,2,0 ,2
1378,1,2,0 ,2
1379,1,3,24000 ,3
1380,1,5,0 ,5
1381,1,3,0 ,3
1382,2,5,0 ,10
1383,5,5,35000 ,25
1384,1,5,138000 ,5
1385,1,3,12800 ,3
1386,1,4,0 ,4
1387,1,3,39000 ,3
1388,1,5,65000 ,5
1389,1,3,76000 ,3
1390,1,4,46000 ,4
1391,1,4,5100000 ,4
1392,1,4,50000 ,4
1393,1,4,0 ,4
1394,1,4,0 ,4
1395,2,3,62000 ,8
1396,1,2,35000 ,2
1397,3,2,0 ,12
1398,1,5,0 ,5
1399,3,2,30000 ,12
1400,1,4,0 ,4
1401,1,3,294000 ,3
1402,5,4,0 ,24
1403,5,4,80000 ,24
1404,1,4,19000 ,4
1405,2,5,108000 ,10
1406,1,3,29000 ,3
1407,1,5,108000 ,5
1408,1,4,80000 ,4
1409,1,3,58000 ,3
1410,1,1,42000 ,1
1411,1,4,0 ,4
1412,4,3,51000 ,18
1413,1,3,97000 ,3
1414,1,3,270000 ,3
1415,1,3,8900 ,3
1416,1,4,50000 ,4
1417,1,4,80000 ,4
1418,1,3,70000 ,3
1419,1,4,100000 ,4
1420,4,3,28000 ,18
1421,1,4,0 ,4
1422,1,2,6900 ,2
1423,1,4,38000 ,4
1424,1,3,75000 ,3
1425,1,3,180000 ,3
1426,2,3,6480 ,8
1427,1,3,0 ,3
1428,1,2,20000 ,2
1429,1,4,0 ,4
1430,1,4,60000 ,4
1431,1,4,0 ,4
1432,1,3,12800 ,3
1433,1,5,187000 ,5
1434,1,5,4380000 ,5
1435,1,5,418000 ,5
1436,1,5,220000 ,5
1437,1,3,0 ,3
1438,2,3,58000 ,8
1439,3,3,30000 ,13
1440,1,4,34000 ,4
1441,1,3,300000 ,3
1442,1,3,0 ,3
1443,1,5,200000 ,5
1444,1,5,0 ,5
1445,1,2,34980 ,2
1446,1,5,179000 ,5
1447,1,3,325000 ,3
1448,1,2,30000 ,2
1449,1,3,102000 ,3
1450,2,5,0 ,10
1451,1,4,180000 ,4
1452,1,4,450000 ,4
1453,1,3,97000 ,3
1454,5,5,0 ,25
1455,1,5,320000 ,5
1456,1,4,0 ,4
1457,1,3,12800 ,3
1458,1,3,25000 ,3
1459,3,3,15000 ,13
1460,2,2,34000 ,7
1461,1,5,0 ,5
1462,4,2,50000 ,17
1463,1,5,0 ,5
1464,1,3,160000 ,3
1465,1,4,65000 ,4
1466,4,3,40000 ,18
1467,1,2,69000 ,2
1468,1,4,0 ,4
1469,1,4,240000 ,4
1470,1,3,137000 ,3
1471,3,2,9900 ,12
1472,1,4,72000 ,4
1473,1,4,219000 ,4
1474,1,5,0 ,5
1475,4,3,1110000 ,18
1476,1,2,0 ,2
1477,1,3,10500 ,3
1478,1,5,200000 ,5
1479,2,5,275000 ,10
1480,1,4,42000 ,4
1481,1,4,49000 ,4
1482,1,3,39000 ,3
1483,1,5,258000 ,5
1484,1,4,2000000 ,4
1485,1,3,0 ,3
1486,1,4,490000 ,4
1487,2,2,62000 ,7
1488,1,3,0 ,3
1489,1,5,0 ,5
1490,4,4,24000 ,19
1491,1,2,28800 ,2
1492,2,3,25000 ,8
1493,4,2,40000 ,17
1494,1,3,150000 ,3
1495,1,4,180000 ,4
1496,1,4,0 ,4
1497,1,2,45000 ,2
1498,2,5,0 ,10
1499,5,4,0 ,24
1500,4,3,50000 ,18
1501,2,2,0 ,7
1502,5,5,78000 ,25
1503,1,3,35000 ,3
1504,1,5,860000 ,5
1505,4,2,61000 ,17
1506,5,4,99000 ,24
1507,1,4,52000 ,4
1508,1,2,70000 ,2
1509,1,2,50000 ,2
1510,1,2,193000 ,2
1511,1,4,80000 ,4
1512,1,4,110000 ,4
1513,1,2,40000 ,2
1514,1,5,136000 ,5
1515,1,4,70000 ,4
1516,4,2,25000 ,17
1517,2,3,0 ,8
1518,1,5,138000 ,5
1519,1,5,250000 ,5
1520,1,5,370000 ,5
1521,1,5,140000 ,5
1522,1,5,169000 ,5
1523,4,2,22000 ,17
1524,3,2,35000 ,12
1525,1,3,50000 ,3
1526,1,4,75000 ,4
1527,1,2,79000 ,2
1528,1,3,0 ,3
1529,1,3,0 ,3
1530,1,2,50000 ,2
1531,3,3,0 ,13
1532,1,3,55000 ,3
1533,1,3,0 ,3
1534,1,5,1400000 ,5
1535,2,5,520000 ,10
1536,2,3,0 ,8
1537,1,4,0 ,4
1538,1,5,105000 ,5
1539,1,4,69000 ,4
1540,1,3,0 ,3
1541,1,5,450000 ,5
1542,1,3,280000 ,3
1543,2,3,88000 ,8
1544,2,3,70000 ,8
1545,1,2,0 ,2
1546,1,4,125000 ,4
1547,1,5,0 ,5
1548,1,4,94000 ,4
1549,1,2,12800 ,2
1550,1,3,49500 ,3
1551,1,5,0 ,5
1552,3,1,0 ,11
1553,2,4,80000 ,9
1554,1,3,32000 ,3
1555,1,3,185000 ,3
1556,2,3,231000 ,8
1557,1,4,45000 ,4
1558,1,3,76000 ,3
1559,1,2,0 ,2
1560,1,4,70000 ,4
1561,1,5,490000 ,5
1562,2,3,20000 ,8
1563,1,3,165000 ,3
1564,1,2,0 ,2
1565,1,2,0 ,2
1566,1,2,120000 ,2
1567,1,4,0 ,4
1568,1,4,701000 ,4
1569,1,4,83300 ,4
1570,1,4,140000 ,4
1571,1,5,150000 ,5
1572,2,2,9900 ,7
1573,1,4,86000 ,4
1574,1,3,60000 ,3
1575,1,1,29000 ,1
1576,1,4,68000 ,4
1577,1,3,27000 ,3
1578,1,4,49000 ,4
1579,1,5,418000 ,5
1580,1,4,240000 ,4
1581,5,2,15000 ,22
1582,1,5,86000 ,5
1583,1,4,24000 ,4
1584,4,2,20000 ,17
1585,1,3,50000 ,3
1586,3,3,150000 ,13
1587,1,3,0 ,3
1588,1,3,110000 ,3
1589,1,1,24800 ,1
1590,4,2,24000 ,17
1591,1,3,54000 ,3
1592,1,3,0 ,3
1593,2,3,4900 ,8
1594,1,2,27000 ,2
1595,1,4,100000 ,4
1596,4,2,25000 ,17
1597,1,2,0 ,2
1598,4,3,5500 ,18
1599,1,2,95000 ,2
1600,5,3,27000 ,23
1601,2,4,107000 ,9
1602,1,2,20000 ,2
1603,1,3,0 ,3
1604,1,3,100000 ,3
1605,1,3,55000 ,3
1606,1,5,266000 ,5
1607,1,4,135000 ,4
1608,1,4,0 ,4
1609,1,2,19000 ,2
1610,1,5,0 ,5
1611,1,3,275000 ,3
1612,1,3,174000 ,3
1613,1,4,65000 ,4
1614,1,5,120000 ,5
1615,5,5,450000 ,25
1616,1,4,65000 ,4
1617,1,3,65000 ,3
1618,1,4,0 ,4
1619,1,5,300000 ,5
1620,1,3,0 ,3
1621,1,3,0 ,3
1622,1,3,339000 ,3
1623,4,2,42000 ,17
1624,4,2,25000 ,17
1625,1,4,67000 ,4
1626,1,2,22000 ,2
1627,1,1,98000 ,1
1628,2,3,70000 ,8
1629,1,4,0 ,4
1630,1,4,200000 ,4
1631,1,3,0 ,3
1632,1,4,0 ,4
1633,1,3,462000 ,3
1634,1,5,220000 ,5
1635,1,4,200000 ,4
1636,1,5,0 ,5
1637,2,2,0 ,7
1638,3,3,0 ,13
1639,1,3,0 ,3
1640,1,3,39000 ,3
1641,4,2,33000 ,17
1642,1,2,75000 ,2
1643,5,4,0 ,24
1644,1,4,38000 ,4
1645,4,2,15000 ,17
1646,1,3,48000 ,3
1647,1,2,116000 ,2
1648,1,2,108000 ,2
1649,1,3,50000 ,3
1650,1,4,35000 ,4
1651,2,3,59000 ,8
1652,1,2,38000 ,2
1653,1,3,0 ,3
1654,1,3,0 ,3
1655,1,2,55000 ,2
1656,1,4,97000 ,4
1657,1,4,0 ,4
1658,1,4,150000 ,4
1659,1,4,0 ,4
1660,1,3,38900 ,3
1661,1,4,0 ,4
1662,2,3,0 ,8
1663,1,3,140000 ,3
1664,1,3,0 ,3
1665,1,3,0 ,3
1666,1,3,20000 ,3
1667,1,2,0 ,2
1668,1,3,0 ,3
1669,4,2,33000 ,17
1670,1,4,71000 ,4
1671,4,2,0 ,17
1672,1,4,176000 ,4
1673,1,2,0 ,2
1674,1,3,30000 ,3
1675,1,4,0 ,4
1676,4,3,22000 ,18
1677,1,4,0 ,4
1678,5,5,170000 ,25
1679,4,3,39600 ,18
1680,4,2,31000 ,17
1681,1,3,0 ,3
1682,2,3,25000 ,8
1683,1,3,0 ,3
1684,1,3,0 ,3
1685,1,4,45000 ,4
1686,1,4,0 ,4
1687,2,4,50000 ,9
1688,1,4,990000 ,4
1689,1,3,52000 ,3
1690,1,3,39000 ,3
1691,1,3,65000 ,3
1692,1,3,19800 ,3
1693,2,4,0 ,9
1694,1,3,56000 ,3
1695,1,4,0 ,4
1696,1,4,46000 ,4
1697,1,4,100000 ,4
1698,1,3,19000 ,3
1699,1,2,34000 ,2
1700,1,4,0 ,4
1701,1,3,25000 ,3
1702,1,5,0 ,5
1703,1,3,40000 ,3
1704,1,4,0 ,4
1705,1,3,0 ,3
1706,1,4,146000 ,4
1707,1,4,0 ,4
1708,1,3,65000 ,3
1709,1,4,1350000 ,4
1710,1,5,0 ,5
1711,1,5,0 ,5
1712,1,4,112000 ,4
1713,1,3,58000 ,3
1714,1,4,836000 ,4
1715,1,3,0 ,3
1716,5,5,160000 ,25
1717,3,4,9800 ,14
1718,1,3,67000 ,3
1719,4,3,22000 ,18
1720,1,3,50000 ,3
1721,1,3,83000 ,3
1722,1,3,84000 ,3
1723,1,3,100000 ,3
1724,4,2,32000 ,17
1725,1,3,65000 ,3
1726,1,3,40000 ,3
1727,2,3,5900 ,8
1728,1,5,210000 ,5
1729,1,4,140000 ,4
1730,1,3,40000 ,3
1731,1,3,38000 ,3
1732,3,3,35000 ,13
1733,1,2,40000 ,2
1734,1,3,78000 ,3
1735,1,5,0 ,5
1736,1,4,50000 ,4
1737,1,4,0 ,4
1738,1,4,1040000 ,4
1739,1,3,160000 ,3
1740,1,4,2754000 ,4
1741,1,3,50000 ,3
1742,1,5,70000 ,5
1743,1,2,43000 ,2
1744,1,3,0 ,3
1745,4,2,0 ,17
1746,1,4,0 ,4
1747,5,5,286000 ,25
1748,2,3,149000 ,8
1749,1,4,0 ,4
1750,5,4,130000 ,24
1751,1,3,119000 ,3
1752,2,3,257000 ,8
1753,4,2,22500 ,17
1754,1,2,50000 ,2
1755,1,4,200000 ,4
1756,1,3,27000 ,3
1757,1,4,70000 ,4
1758,1,2,0 ,2
1759,1,3,0 ,3
1760,2,2,0 ,7
1761,1,3,52800 ,3
1762,1,5,0 ,5
1763,4,2,0 ,17
1764,1,5,0 ,5
1765,1,3,425000 ,3
1766,1,3,68000 ,3
1767,1,3,40000 ,3
1768,1,4,85000 ,4
1769,1,4,30000 ,4
1770,2,2,9900 ,7
1771,1,4,0 ,4
1772,1,3,27000 ,3
1773,1,5,0 ,5
1774,4,3,0 ,18
1775,1,3,90000 ,3
1776,1,4,80000 ,4
1777,1,4,66000 ,4
1778,1,3,38000 ,3
1779,1,4,48000 ,4
1780,1,5,0 ,5
1781,1,3,55000 ,3
1782,1,4,0 ,4
1783,1,4,80000 ,4
1784,1,5,160000 ,5
1785,1,5,330000 ,5
1786,1,4,39000 ,4
1787,1,4,12800 ,4
1788,4,3,0 ,18
1789,1,3,0 ,3
1790,1,3,38000 ,3
1791,2,4,34000 ,9
1792,1,3,58000 ,3
1793,1,3,0 ,3
1794,1,4,80000 ,4
1795,1,3,240000 ,3
1796,4,2,28000 ,17
1797,1,4,48000 ,4
1798,1,3,38000 ,3
1799,1,5,100000 ,5
1800,1,2,65000 ,2
1801,1,2,14800 ,2
1802,4,3,12000 ,18
1803,1,2,86000 ,2
1804,1,4,0 ,4
1805,1,3,267000 ,3
1806,1,4,100000 ,4
1807,1,5,360000 ,5
1808,1,3,0 ,3
1809,1,4,220000 ,4
1810,1,4,100000 ,4
1811,4,4,0 ,19
1812,3,2,35000 ,12
1813,1,2,0 ,2
1814,1,5,100000 ,5
1815,1,3,100000 ,3
1816,1,3,129000 ,3
1817,1,4,100000 ,4
1818,1,4,1200000 ,4
1819,1,3,0 ,3
1820,1,5,0 ,5
1821,1,4,75000 ,4
1822,1,3,37000 ,3
1823,1,4,222000 ,4
1824,1,4,0 ,4
1825,1,3,140000 ,3
1826,1,4,0 ,4
1827,1,4,0 ,4
1828,1,2,24000 ,2
1829,4,5,77000 ,20
1830,1,3,60000 ,3
1831,4,4,160000 ,19
1832,1,4,0 ,4
1833,1,3,43000 ,3
1834,1,4,0 ,4
1835,1,4,80000 ,4
1836,1,5,0 ,5
1837,1,3,48000 ,3
1838,1,4,0 ,4
1839,3,2,9900 ,12
1840,1,3,0 ,3
1841,5,4,37000 ,24
1842,4,2,0 ,17
1843,1,3,280000 ,3
1844,1,3,310000 ,3
1845,1,1,39000 ,1
1846,4,2,9900 ,17
1847,1,5,0 ,5
1848,1,4,174000 ,4
1849,4,3,0 ,18
1850,1,5,360000 ,5
1851,1,4,0 ,4
1852,2,2,53000 ,7
1853,1,5,0 ,5
1854,1,3,0 ,3
1855,1,3,0 ,3
1856,1,3,0 ,3
1857,3,2,0 ,12
1858,1,4,420000 ,4
1859,1,4,0 ,4
1860,1,3,30000 ,3
1861,5,5,129000 ,25
1862,1,4,80000 ,4
1863,1,3,12800 ,3
1864,1,4,80000 ,4
1865,1,3,0 ,3
1866,4,2,32000 ,17
1867,1,4,5500000 ,4
1868,1,3,39600 ,3
1869,2,3,0 ,8
1870,2,3,0 ,8
1871,1,2,0 ,2
1872,2,5,280000 ,10
1873,5,5,110000 ,25
1874,3,3,0 ,13
1875,4,2,33000 ,17
1876,1,3,220000 ,3
1877,2,4,0 ,9
1878,1,3,40000 ,3
1879,5,5,67000 ,25
1880,1,3,66000 ,3
1881,4,3,19000 ,18
1882,1,4,75000 ,4
1883,1,4,39000 ,4
1884,1,4,71000 ,4
1885,4,2,32000 ,17
1886,1,4,66000 ,4
1887,2,4,99000 ,9
1888,1,2,80000 ,2
1889,4,2,35000 ,17
1890,1,3,19000 ,3
1891,1,4,0 ,4
1892,1,3,0 ,3
1893,1,3,66000 ,3
1894,1,4,1056000 ,4
1895,1,2,15800 ,2
1896,1,4,47000 ,4
1897,1,3,210000 ,3
1898,1,2,19000 ,2
1899,1,5,671000 ,5
1900,1,3,38000 ,3
1901,1,3,120000 ,3
1902,1,2,0 ,2
1903,1,2,55000 ,2
1904,5,1,10000 ,21
1905,1,3,133000 ,3
1906,1,4,74000 ,4
1907,1,3,38000 ,3
1908,1,4,100000 ,4
1909,2,3,35000 ,8
1910,1,4,70000 ,4
1911,4,4,0 ,19
1912,1,4,220000 ,4
1913,1,4,70000 ,4
1914,1,4,0 ,4
1915,1,4,0 ,4
1916,1,2,70000 ,2
1917,1,3,130000 ,3
1918,4,3,9500 ,18
1919,1,4,165000 ,4
1920,2,3,0 ,8
1921,1,4,130000 ,4
1922,1,3,50000 ,3
1923,2,2,9000 ,7
1924,1,5,180000 ,5
1925,1,3,0 ,3
1926,1,3,138000 ,3
1927,1,2,46000 ,2
1928,1,5,940000 ,5
1929,2,5,240000 ,10
1930,1,4,18000 ,4
1931,1,3,320000 ,3
1932,1,3,0 ,3
1933,1,4,300000 ,4
1934,1,3,150000 ,3
1935,1,3,40000 ,3
1936,1,2,40000 ,2
1937,1,4,120000 ,4
1938,1,4,60000 ,4
1939,4,2,0 ,17
1940,1,4,380000 ,4
1941,1,3,200000 ,3
1942,1,5,480000 ,5
1943,1,2,55000 ,2
1944,1,3,27000 ,3
1945,1,2,40000 ,2
1946,3,3,18000 ,13
1947,2,3,52000 ,8
1948,4,2,45000 ,17
1949,4,2,35000 ,17
1950,2,5,282000 ,10
1951,5,5,43000 ,25
1952,5,5,352000 ,25
1953,4,2,40000 ,17
1954,2,2,19000 ,7
1955,5,5,164000 ,25
1956,4,2,30000 ,17
1957,2,4,99000 ,9
1958,2,4,65000 ,9
1959,3,1,25000 ,11
1960,2,2,5500 ,7
1961,4,2,19800 ,17
1962,3,2,9900 ,12
1963,2,3,20000 ,8
1964,5,3,99000 ,23
1965,4,3,46000 ,18
1966,5,4,90000 ,24
1967,4,3,22000 ,18
1968,5,3,100000 ,23
1969,2,2,29000 ,7
1970,4,4,300000 ,19
1971,5,5,286000 ,25
1972,5,4,65000 ,24
1973,2,3,48000 ,8
1974,2,5,130000 ,10
1975,2,3,68000 ,8
1976,3,3,38000 ,13
1977,5,5,120000 ,25
1978,3,1,50000 ,11
1979,3,2,30000 ,12
1980,5,4,177500 ,24
1981,4,2,15000 ,17
1982,2,3,25000 ,8
1983,2,3,34000 ,8
1984,4,1,27000 ,16
1985,2,5,50000 ,10
1986,2,4,45000 ,9
1987,2,5,172000 ,10
1988,2,4,100000 ,9
1989,4,3,40000 ,18
1990,4,2,38000 ,17
1991,2,3,26000 ,8
1992,2,3,12900 ,8
1993,5,5,60000 ,25
1994,2,2,60000 ,7
1995,5,5,30000 ,25
1996,2,5,125000 ,10
1997,4,2,50000 ,17
1998,2,2,30000 ,7
1999,5,5,380000 ,25
2000,5,5,130000 ,25
2001,3,2,15000 ,12
2002,2,3,30000 ,8
2003,3,3,19800 ,13
2004,2,2,106000 ,7
2005,2,2,83000 ,7
2006,5,4,42000 ,24
2007,4,4,60000 ,19
2008,2,3,39000 ,8
2009,4,2,31000 ,17
2010,5,4,177000 ,24
2011,2,3,69000 ,8
2012,4,2,21000 ,17
2013,2,3,32000 ,8
2014,2,3,55000 ,8
2015,4,2,22000 ,17
2016,2,2,24000 ,7
2017,5,4,66000 ,24
2018,2,3,5900 ,8
2019,4,2,17000 ,17
2020,4,4,130000 ,19
2021,3,3,30000 ,13
2022,4,3,42000 ,18
2023,2,3,74000 ,8
2024,4,3,52000 ,18
2025,4,3,48000 ,18
2026,4,2,8800 ,17
2027,3,2,34800 ,12
2028,2,5,70000 ,10
2029,4,3,40000 ,18
2030,2,4,90000 ,9
2031,2,3,62000 ,8
2032,4,2,38000 ,17
2033,2,2,24900 ,7
2034,2,5,110000 ,10
2035,2,2,20000 ,7
2036,4,3,58000 ,18
2037,5,3,26000 ,23
2038,5,5,37000 ,25
2039,2,4,315000 ,9
2040,4,2,20000 ,17
2041,4,2,46000 ,17
2042,3,3,80000 ,13
2043,2,2,53000 ,7
2044,2,3,130000 ,8
2045,3,2,70000 ,12
2046,4,2,30000 ,17
2047,2,3,20000 ,8
2048,5,3,24000 ,23
2049,2,3,14000 ,8
2050,4,3,43000 ,18
2051,4,2,30000 ,17
2052,3,3,80000 ,13
2053,2,2,18000 ,7
2054,5,4,18000 ,24
2055,2,4,48000 ,9
2056,4,2,18000 ,17
2057,4,2,50000 ,17
2058,3,3,89000 ,13
2059,4,2,24000 ,17
2060,5,5,36000 ,25
2061,2,3,50000 ,8
2062,2,2,9900 ,7
2063,4,2,7500 ,17
2064,4,2,15000 ,17
2065,5,4,75000 ,24
2066,5,5,37000 ,25
2067,2,5,68000 ,10
2068,3,2,29000 ,12
2069,4,2,5000 ,17
2070,4,5,60000 ,20
2071,2,2,9800 ,7
2072,4,3,40000 ,18
2073,2,4,170000 ,9
2074,5,4,70000 ,24
2075,4,2,56000 ,17
2076,4,3,31000 ,18
2077,4,2,41000 ,17
2078,3,2,38000 ,12
2079,3,1,4000 ,11
2080,2,3,28000 ,8
2081,2,3,21000 ,8
2082,3,4,39000 ,14
2083,4,3,33000 ,18
2084,4,2,20000 ,17
2085,5,2,60000 ,22
2086,2,5,35000 ,10
2087,4,4,40000 ,19
2088,4,2,20000 ,17
2089,2,2,25000 ,7
2090,2,3,35000 ,8
2091,3,2,12000 ,12
2092,5,3,178000 ,23
2093,2,4,300000 ,9
2094,4,2,24000 ,17
2095,2,3,86000 ,8
2096,3,1,30000 ,11
2097,2,5,176000 ,10
2098,2,4,168000 ,9
2099,3,2,70000 ,12
2100,3,2,9980 ,12
2101,2,4,76000 ,9
2102,2,3,34000 ,8
2103,2,3,319000 ,8
2104,2,5,88000 ,10
2105,3,3,15000 ,13
2106,2,2,56000 ,7
2107,4,2,34000 ,17
2108,4,3,30000 ,18
2109,5,4,60000 ,24
2110,2,2,25000 ,7
2111,5,4,183000 ,24
2112,2,3,33000 ,8
2113,4,2,23000 ,17
2114,3,2,9800 ,12
2115,2,4,49000 ,9
2116,2,4,54000 ,9
2117,2,2,35000 ,7
2118,4,3,38000 ,18
2119,4,3,28000 ,18
2120,2,4,56000 ,9
2121,2,3,9900 ,8
2122,2,2,20000 ,7
2123,2,3,6900 ,8
2124,2,2,78000 ,7
2125,4,3,90000 ,18
2126,4,3,90000 ,18
2127,5,5,75000 ,25
2128,5,5,69000 ,25
2129,2,2,80000 ,7
2130,2,3,68000 ,8
2131,3,2,4000 ,12
2132,2,3,9900 ,8
2133,4,2,21000 ,17
2134,5,3,19000 ,23
2135,5,3,140000 ,23
2136,2,3,45000 ,8
2137,2,3,120000 ,8
2138,5,4,250000 ,24
2139,2,4,30000 ,9
2140,4,2,29900 ,17
2141,2,2,12000 ,7
2142,4,2,100000 ,17
2143,2,2,25000 ,7
2144,4,2,24000 ,17
2145,4,5,5000 ,20
2146,2,2,35000 ,7
2147,2,3,51000 ,8
2148,2,3,45000 ,8
2149,5,4,60000 ,24
2150,4,2,15000 ,17
2151,2,2,47000 ,7
2152,3,3,5700 ,13
2153,2,3,148000 ,8
2154,2,3,40000 ,8
2155,2,3,40000 ,8
2156,4,3,53000 ,18
2157,4,3,80000 ,18
2158,2,5,149000 ,10
2159,2,2,32000 ,7
2160,4,2,25000 ,17
2161,2,3,138000 ,8
2162,2,1,30000 ,6
2163,3,2,60000 ,12
2164,3,2,57000 ,12
2165,4,3,168000 ,18
2166,3,2,29000 ,12
2167,2,4,88000 ,9
2168,2,3,110000 ,8
2169,3,2,190000 ,12
2170,4,4,49000 ,19
2171,2,3,30000 ,8
2172,4,3,75000 ,18
2173,5,5,55000 ,25
2174,2,3,28000 ,8
2175,5,5,105000 ,25
2176,4,5,180000 ,20
2177,3,2,30000 ,12
2178,4,2,38000 ,17
2179,3,2,31000 ,12
2180,5,3,253000 ,23
2181,2,2,45000 ,7
2182,3,2,96000 ,12
2183,2,3,258000 ,8
2184,3,1,42000 ,11
2185,4,2,5000 ,17
2186,5,2,80000 ,22
2187,4,3,20000 ,18
2188,2,3,14000 ,8
2189,4,2,60000 ,17
2190,3,2,24000 ,12
2191,2,3,25000 ,8
2192,5,4,35000 ,24
2193,4,2,55000 ,17
2194,3,3,30000 ,13
2195,3,3,22900 ,13
2196,3,2,42000 ,12
2197,4,2,35000 ,17
2198,4,3,20000 ,18
2199,2,4,38000 ,9
2200,4,2,45000 ,17
2201,4,3,50000 ,18
2202,5,4,73000 ,24
2203,4,2,67000 ,17
2204,2,5,220000 ,10
2205,3,2,48000 ,12
2206,3,3,17900 ,13
2207,2,2,20000 ,7
2208,5,4,130000 ,24
2209,2,2,22000 ,7
2210,3,2,18000 ,12
2211,2,2,35000 ,7
2212,3,3,750000 ,13
2213,2,5,170000 ,10
2214,4,3,90000 ,18
2215,3,2,9800 ,12
2216,2,3,10000 ,8
2217,3,3,9000 ,13
2218,3,2,29000 ,12
2219,2,4,9900 ,9
2220,5,5,286000 ,25
2221,2,3,24000 ,8
2222,4,2,12000 ,17
2223,4,3,143000 ,18
2224,2,2,30000 ,7
2225,5,5,75000 ,25
2226,2,3,123000 ,8
2227,4,2,30000 ,17
2228,2,2,19000 ,7
2229,4,3,72000 ,18
2230,5,5,180000 ,25
2231,2,3,57000 ,8
2232,4,2,5000 ,17
2233,5,4,29000 ,24
2234,2,3,29000 ,8
2235,3,3,89000 ,13
2236,2,3,206000 ,8
2237,2,3,92000 ,8
2238,2,2,28000 ,7
2239,2,3,94000 ,8
2240,3,1,5500 ,11
2241,3,3,90000 ,13
2242,3,1,40000 ,11
2243,2,3,26900 ,8
2244,2,2,24000 ,7
2245,3,3,41000 ,13
2246,5,4,41000 ,24
2247,5,4,22000 ,24
2248,4,1,14000 ,16
2249,5,4,203000 ,24
2250,5,2,100000 ,22
2251,2,5,600000 ,10
2252,5,2,19000 ,22
2253,4,2,23000 ,17
2254,2,3,12000 ,8
2255,4,2,40000 ,17
2256,3,2,37500 ,12
2257,2,3,20000 ,8
2258,4,2,20000 ,17
2259,5,4,220000 ,24
2260,4,2,59000 ,17
2261,3,3,17800 ,13
2262,5,3,60000 ,23
2263,5,3,85000 ,23
2264,4,2,35000 ,17
2265,3,2,30000 ,12
2266,4,3,40000 ,18
2267,3,2,25000 ,12
2268,2,3,36000 ,8
2269,4,2,30000 ,17
2270,5,5,94000 ,25
2271,3,2,9900 ,12
2272,2,3,26000 ,8
2273,4,3,12900 ,18
2274,5,5,500000 ,25
2275,3,3,20000 ,13
2276,2,2,68750 ,7
2277,2,5,130000 ,10
2278,5,4,350000 ,24
2279,5,5,60000 ,25
2280,2,4,99000 ,9
2281,4,2,19800 ,17
2282,4,2,19800 ,17
2283,2,3,25000 ,8
2284,2,4,150000 ,9
2285,5,2,182000 ,22
2286,4,2,34000 ,17
2287,2,4,9800 ,9
2288,3,2,35000 ,12
2289,2,2,36000 ,7
2290,4,2,19800 ,17
2291,3,2,53000 ,12
2292,2,4,13000 ,9
2293,5,5,90000 ,25
2294,4,2,9980 ,17
2295,2,2,25000 ,7
2296,4,2,11100 ,17
2297,5,5,200000 ,25
2298,2,3,36000 ,8
2299,3,2,29000 ,12
2300,2,5,100000 ,10
2301,4,2,35000 ,17
2302,3,2,64000 ,12
2303,5,3,43100 ,23
2304,3,2,18000 ,12
2305,2,5,200000 ,10
2306,3,5,281000 ,15
2307,4,2,12000 ,17
2308,2,2,21000 ,7
2309,2,3,62000 ,8
2310,2,2,42000 ,7
2311,3,4,99000 ,14
2312,2,2,70000 ,7
2313,4,2,40000 ,17
2314,4,2,34000 ,17
2315,4,3,78000 ,18
2316,4,3,40000 ,18
2317,5,5,237000 ,25
2318,2,5,155000 ,10
2319,2,2,8900 ,7
2320,4,2,24000 ,17
2321,2,2,11000 ,7
2322,5,3,506000 ,23
2323,4,2,82000 ,17
2324,4,3,50000 ,18
2325,2,3,38000 ,8
2326,2,4,36000 ,9
2327,2,4,105000 ,9
2328,5,5,98000 ,25
2329,5,5,112000 ,25
2330,2,2,18000 ,7
2331,5,5,166000 ,25
2332,5,2,72000 ,22
2333,4,5,180000 ,20
2334,4,2,45000 ,17
2335,3,3,165000 ,13
2336,2,2,740000 ,7
2337,3,2,37000 ,12
2338,2,3,265000 ,8
2339,3,3,35000 ,13
2340,5,5,60000 ,25
2341,2,4,64000 ,9
2342,2,3,83000 ,8
2343,2,4,59000 ,9
2344,5,4,41000 ,24
2345,3,2,9800 ,12
2346,3,2,30000 ,12
2347,3,1,30000 ,11
2348,5,2,12900 ,22
2349,2,3,23000 ,8
2350,2,2,50000 ,7
2351,4,3,31000 ,18
2352,4,2,34000 ,17
2353,4,2,35000 ,17
2354,5,4,45000 ,24
2355,5,3,84000 ,23
2356,3,2,15000 ,12
2357,4,3,20000 ,18
2358,5,4,140000 ,24
2359,2,3,22000 ,8
2360,4,5,70000 ,20
2361,4,2,38000 ,17
2362,5,3,99000 ,23
2363,5,4,80000 ,24
2364,2,3,22000 ,8
2365,2,4,25000 ,9
2366,2,5,75000 ,10
2367,5,5,70000 ,25
2368,4,3,61000 ,18
2369,2,3,45000 ,8
2370,3,3,30000 ,13
2371,3,2,38000 ,12
2372,5,2,21000 ,22
2373,4,3,22000 ,18
2374,4,2,40000 ,17
2375,2,2,230000 ,7
2376,5,5,44000 ,25
2377,3,2,12900 ,12
2378,4,4,70000 ,19
2379,2,4,117000 ,9
2380,2,5,113000 ,10
2381,4,3,28000 ,18
2382,2,3,9900 ,8
2383,3,3,30000 ,13
2384,2,3,16500 ,8
2385,2,4,183000 ,9
2386,5,3,110000 ,23
2387,3,3,115000 ,13
2388,4,4,42000 ,19
2389,4,3,60000 ,18
2390,4,3,45000 ,18
2391,2,2,18000 ,7
2392,3,4,70000 ,14
2393,2,3,40000 ,8
2394,3,2,21000 ,12
2395,4,1,35000 ,16
2396,5,4,23000 ,24
2397,3,3,11000 ,13
2398,5,5,57000 ,25
2399,2,1,50000 ,6
2400,3,2,25000 ,12
2401,4,2,31000 ,17
2402,4,1,15000 ,16
2403,5,5,40000 ,25
2404,2,2,34000 ,7
2405,3,3,140000 ,13
2406,5,5,53000 ,25
2407,4,3,45000 ,18
2408,3,2,8900 ,12
2409,4,2,32000 ,17
2410,4,5,39000 ,20
2411,2,2,28000 ,7
2412,2,3,8900 ,8
2413,4,3,60000 ,18
2414,2,3,59000 ,8
2415,4,3,100000 ,18
2416,5,2,55000 ,22
2417,5,3,140000 ,23
2418,2,2,21000 ,7
2419,3,3,11000 ,13
2420,2,3,13000 ,8
2421,2,5,149000 ,10
2422,4,2,57000 ,17
2423,2,5,500000 ,10
2424,2,4,96000 ,9
2425,2,2,8500 ,7
2426,2,2,25000 ,7
2427,4,2,32000 ,17
2428,2,2,15000 ,7
2429,3,2,25000 ,12
2430,5,4,34000 ,24
2431,4,2,43000 ,17
2432,4,2,9000 ,17
2433,2,3,40000 ,8
2434,4,3,40000 ,18
2435,2,4,30000 ,9
2436,5,5,127000 ,25
2437,2,5,40000 ,10
2438,2,2,40000 ,7
2439,3,3,50000 ,13
2440,2,2,21000 ,7
2441,2,2,53000 ,7
2442,2,5,850000 ,10
2443,2,2,55000 ,7
2444,4,3,236000 ,18
2445,4,3,65000 ,18
2446,2,3,54000 ,8
2447,3,3,9900 ,13
2448,5,4,60000 ,24
2449,5,5,154000 ,25
2450,4,2,26000 ,17
2451,2,2,145000 ,7
2452,2,4,32000 ,9
2453,5,5,67000 ,25
2454,3,2,18000 ,12
2455,3,2,75000 ,12
2456,2,4,104000 ,9
2457,3,3,80000 ,13
2458,3,2,15000 ,12
2459,3,4,141000 ,14
2460,4,3,41500 ,18
2461,3,4,87000 ,14
2462,2,2,40000 ,7
2463,2,2,40000 ,7
2464,3,3,110000 ,13
2465,5,2,110000 ,22
2466,2,5,68000 ,10
2467,4,5,200000 ,20
2468,4,3,25000 ,18
2469,2,3,25000 ,8
2470,2,2,25000 ,7
2471,3,3,340000 ,13
2472,2,3,83000 ,8
2473,4,3,70000 ,18
2474,2,2,70000 ,7
2475,4,2,36000 ,17
2476,2,3,32000 ,8
2477,4,4,120000 ,19
2478,2,4,35000 ,9
2479,2,5,550000 ,10
2480,4,2,170000 ,17
2481,2,3,79500 ,8
2482,2,2,66000 ,7
2483,3,3,16500 ,13
2484,2,3,90000 ,8
2485,4,3,96000 ,18
2486,2,3,48000 ,8
2487,2,3,35000 ,8
2488,4,3,38000 ,18
2489,5,5,160000 ,25
2490,2,5,165000 ,10
2491,4,3,118000 ,18
2492,2,2,75000 ,7
2493,2,3,211000 ,8
2494,2,2,5000 ,7
2495,4,3,50000 ,18
2496,3,2,30000 ,12
2497,5,3,1100000 ,23
2498,2,3,163000 ,8
2499,2,3,40000 ,8
2500,2,4,40000 ,9
2501,4,2,77000 ,17
2502,4,2,5000 ,17
2503,4,4,91500 ,19
2504,2,2,55000 ,7
2505,3,3,55000 ,13
2506,4,5,57000 ,20
2507,3,4,40000 ,14
2508,3,1,4000 ,11
2509,2,1,30000 ,6
2510,2,2,24000 ,7
2511,3,3,35000 ,13
2512,3,3,110000 ,13
2513,3,3,45000 ,13
2514,2,4,45000 ,9
2515,4,2,45000 ,17
2516,3,3,18000 ,13
2517,3,2,25000 ,12
2518,4,3,42000 ,18
2519,4,3,20000 ,18
2520,3,2,30000 ,12
2521,3,1,29000 ,11
2522,2,3,28000 ,8
2523,2,5,163000 ,10
2524,2,5,150000 ,10
2525,4,5,370000 ,20
2526,3,3,20000 ,13
2527,5,2,62000 ,22
2528,2,3,23000 ,8
2529,2,3,40000 ,8
2530,3,2,13000 ,12
2531,2,2,36000 ,7
2532,4,2,29000 ,17
2533,4,3,60000 ,18
2534,4,2,30000 ,17
2535,5,2,20000 ,22
2536,2,3,35000 ,8
2537,5,4,50000 ,24
2538,2,5,377000 ,10
2539,2,3,22000 ,8
2540,4,2,24000 ,17
2541,5,5,156000 ,25
2542,3,2,25000 ,12
2543,2,3,22000 ,8
2544,2,5,58000 ,10
2545,4,3,42000 ,18
2546,2,3,11000 ,8
2547,3,3,35000 ,13
2548,2,1,32000 ,6
2549,2,2,17000 ,7
2550,5,4,60000 ,24
2551,5,4,60000 ,24
2552,2,5,15600 ,10
2553,4,2,26000 ,17
2554,5,2,50000 ,22
2555,2,2,9900 ,7
2556,3,5,140000 ,15
2557,3,2,30000 ,12
2558,5,4,60000 ,24
2559,4,2,55000 ,17
2560,4,3,36000 ,18
2561,2,5,209000 ,10
2562,2,5,83000 ,10
2563,2,3,20000 ,8
2564,3,2,25000 ,12
2565,2,2,36000 ,7
2566,4,3,30000 ,18
2567,2,2,48000 ,7
2568,2,3,45000 ,8
2569,4,3,30000 ,18
2570,4,3,60000 ,18
2571,2,2,15600 ,7
2572,4,2,26000 ,17
2573,4,3,30000 ,18
2574,5,2,24000 ,22
2575,3,2,30000 ,12
2576,3,3,12000 ,13
2577,4,3,35000 ,18
2578,2,2,33000 ,7
2579,4,4,27000 ,19
2580,5,4,400000 ,24
2581,4,4,72000 ,19
2582,5,3,50000 ,23
2583,5,4,140000 ,24
2584,2,2,46000 ,7
2585,2,2,9900 ,7
2586,2,2,75000 ,7
2587,2,3,180000 ,8
2588,2,4,23000 ,9
2589,3,2,13800 ,12
2590,2,5,70000 ,10
2591,2,3,30000 ,8
2592,2,3,9900 ,8
2593,5,5,69000 ,25
2594,5,2,16800 ,22
2595,3,3,75000 ,13
2596,4,1,28000 ,16
2597,2,3,45000 ,8
2598,2,2,20000 ,7
2599,2,3,13900 ,8
2600,5,5,160000 ,25
2601,4,2,36000 ,17
2602,2,5,170000 ,10
2603,2,3,18000 ,8
2604,2,3,19900 ,8
2605,2,3,9000 ,8
2606,2,4,53000 ,9
2607,3,3,32000 ,13
2608,4,3,24000 ,18
2609,4,2,26000 ,17
2610,4,2,18000 ,17
2611,3,4,55000 ,14
2612,4,3,25000 ,18
2613,3,2,59000 ,12
2614,5,4,72000 ,24
2615,5,5,60000 ,25
2616,2,5,148000 ,10
2617,2,3,79000 ,8
2618,2,3,27800 ,8
2619,2,3,42000 ,8
2620,5,2,110000 ,22
2621,5,4,140000 ,24
2622,2,3,37000 ,8
2623,4,3,60000 ,18
2624,2,3,30000 ,8
2625,2,2,24500 ,7
2626,4,2,28000 ,17
2627,2,3,35000 ,8
2628,4,2,12000 ,17
2629,4,2,4500 ,17
2630,2,3,18000 ,8
2631,2,2,30000 ,7
2632,2,3,50000 ,8
2633,3,2,21000 ,12
2634,4,2,48000 ,17
2635,2,3,30000 ,8
2636,2,2,11000 ,7
2637,2,3,6900 ,8
2638,5,4,75000 ,24
2639,3,3,65000 ,13
2640,2,3,48000 ,8
2641,3,2,13000 ,12
2642,5,3,40000 ,23
2643,2,3,22000 ,8
2644,2,3,68000 ,8
2645,3,2,21000 ,12
2646,2,2,70000 ,7
2647,4,2,15000 ,17
2648,2,2,21000 ,7
2649,3,3,32000 ,13
2650,4,2,29700 ,17
2651,4,2,45000 ,17
2652,5,4,29000 ,24
2653,4,3,30000 ,18
2654,2,3,8800 ,8
2655,2,4,170000 ,9
2656,3,3,15000 ,13
2657,4,2,29800 ,17
2658,2,3,40000 ,8
2659,4,1,34000 ,16
2660,2,2,35000 ,7
2661,2,4,40000 ,9
2662,2,5,259000 ,10
2663,4,2,18000 ,17
2664,4,3,25000 ,18
2665,4,3,183000 ,18
2666,2,4,53000 ,9
2667,4,3,96000 ,18
2668,5,5,200000 ,25
2669,5,5,110000 ,25
2670,2,3,25000 ,8
2671,3,3,43000 ,13
2672,3,4,64000 ,14
2673,5,4,59000 ,24
2674,5,4,118000 ,24
2675,3,3,150000 ,13
2676,2,3,24000 ,8
2677,3,1,15000 ,11
2678,3,2,32000 ,12
2679,5,3,85800 ,23
2680,3,3,9000 ,13
2681,5,5,81000 ,25
2682,2,3,25000 ,8
2683,4,2,30000 ,17
2684,5,5,139000 ,25
2685,5,4,84000 ,24
2686,2,5,113000 ,10
2687,2,3,86000 ,8
2688,2,3,42000 ,8
2689,2,3,25000 ,8
2690,5,4,91000 ,24
2691,2,3,60000 ,8
2692,3,3,6900 ,13
2693,2,2,9800 ,7
2694,4,2,9000 ,17
2695,2,3,44000 ,8
2696,2,5,84000 ,10
2697,2,3,180000 ,8
2698,2,2,13000 ,7
2699,4,2,15000 ,17
2700,5,5,871000 ,25
2701,3,2,12000 ,12
2702,2,3,95000 ,8
2703,2,2,11000 ,7
2704,5,2,23000 ,22
2705,5,4,240000 ,24
2706,2,2,13000 ,7
2707,4,3,27000 ,18
2708,4,2,19000 ,17
2709,2,2,100000 ,7
2710,2,5,130000 ,10
2711,2,2,21000 ,7
2712,2,4,160000 ,9
2713,4,4,330000 ,19
2714,2,4,30000 ,9
2715,5,5,44000 ,25
2716,3,2,59000 ,12
2717,2,2,20000 ,7
2718,3,2,31000 ,12
2719,3,3,98000 ,13
2720,4,2,33000 ,17
2721,3,3,6900 ,13
